wv,Brown,Green,Crypt,CyanB,CyanR,Cocco,PhyC1
340,0.25371998748698,0.222328244274809,0.194166666666667,0.233,0.233,0.801820215401922,0.250673787483885
341,0.253625314976315,0.222328244274809,0.194166666666667,0.233,0.233,0.800318415985117,0.250119850862971
342,0.253530642465649,0.222328244274809,0.194166666666667,0.233,0.233,0.798823507026881,0.249568249294246
343,0.253436564164387,0.222328244274809,0.194166666666667,0.233,0.233,0.797335479908561,0.249018988160904
344,0.253342485863124,0.222328244274809,0.194166666666667,0.233,0.233,0.795854300597664,0.248472072846138
345,0.253249002754537,0.222328244274809,0.194166666666667,0.233,0.233,0.794379948123561,0.247927508733142
346,0.25315551964595,0.222328244274809,0.194166666666667,0.233,0.233,0.792912462358819,0.247385301205111
347,0.253062629197842,0.222328244274809,0.194166666666667,0.233,0.233,0.791451840633584,0.246845455645237
348,0.252969738749733,0.222328244274809,0.194166666666667,0.233,0.233,0.789997998163599,0.246307977436715
349,0.252877436956279,0.222328244274809,0.194166666666667,0.233,0.233,0.788551122754475,0.245772871962739
350,0.252785135162825,0.222328244274809,0.194166666666667,0.233,0.233,0.787111207019318,0.245240144606501
351,0.252693433729692,0.222328244274809,0.194166666666667,0.233,0.233,0.785677873385108,0.244709800751197
352,0.252601732296559,0.222328244274809,0.194166666666667,0.233,0.233,0.784251280954035,0.244181842389644
353,0.252510627918431,0.222328244274809,0.194166666666667,0.233,0.233,0.782831527705438,0.243656261255427
354,0.252419523540304,0.222328244274809,0.194166666666667,0.233,0.233,0.781418144382015,0.243133047342886
355,0.252328989694887,0.222328244274809,0.194166666666667,0.233,0.233,0.780011284240039,0.242612190646365
356,0.252238455849469,0.222328244274809,0.194166666666667,0.233,0.233,0.77861111003964,0.242093681160205
357,0.252148496572548,0.222328244274809,0.194166666666667,0.233,0.233,0.777217166779309,0.241577508878749
358,0.252058537295627,0.222328244274809,0.194166666666667,0.233,0.233,0.775829603117242,0.241063663796338
359,0.251969154577309,0.222328244274809,0.194166666666667,0.233,0.233,0.774448576850449,0.240552135907315
360,0.251879771858991,0.222328244274809,0.194166666666667,0.233,0.233,0.77307364668564,0.240042915206021
361,0.251790936108463,0.222328244274809,0.194166666666667,0.233,0.233,0.77170495685737,0.239535991686799
362,0.251702100357935,0.222328244274809,0.194166666666667,0.233,0.233,0.770342660390861,0.239031355343991
363,0.251613815761116,0.222328244274809,0.194166666666667,0.233,0.233,0.768986329178831,0.238528996171939
364,0.251525531164297,0.222328244274809,0.194166666666667,0.233,0.233,0.767636103198642,0.23802905423065
365,0.251437802904269,0.222328244274809,0.194166666666667,0.233,0.233,0.766292130886177,0.23753164566774
366,0.251350074644241,0.222328244274809,0.194166666666667,0.233,0.233,0.764953996821934,0.237036724608969
367,0.25126287462593,0.222328244274809,0.194166666666667,0.233,0.233,0.763621836884985,0.236544245180096
368,0.251175674607619,0.222328244274809,0.194166666666667,0.233,0.233,0.762295795095904,0.236054161506877
369,0.251089006814681,0.222328244274809,0.194166666666667,0.233,0.233,0.760975468247444,0.235566427715073
370,0.251002339021744,0.222328244274809,0.194166666666667,0.233,0.233,0.759662557183788,0.235080997930442
371,0.250916208369525,0.222328244274809,0.194166666666667,0.233,0.233,0.758356725711657,0.234597826278741
372,0.250830077717306,0.222328244274809,0.194166666666667,0.233,0.233,0.757054515067615,0.23411686688573
373,0.250744457508271,0.222328244274809,0.194166666666667,0.233,0.233,0.755730449199266,0.233638073877167
374,0.250658837299235,0.222328244274809,0.194166666666667,0.233,0.233,0.754394248116927,0.23316140137881
375,0.25057373132746,0.222328244274809,0.194166666666667,0.233,0.233,0.753095247151241,0.232686803516419
376,0.250488625355685,0.222328244274809,0.194166666666667,0.233,0.233,0.751767756960712,0.232214568609954
377,0.250404038286727,0.222328244274809,0.194166666666667,0.233,0.233,0.750412728095712,0.231744953716461
378,0.25031945121777,0.222328244274809,0.194166666666667,0.233,0.233,0.749179455724684,0.231277866067325
379,0.25023535766131,0.222328244274809,0.194166666666667,0.233,0.233,0.748051808815029,0.230813212893929
380,0.250151264104851,0.222328244274809,0.194166666666667,0.233,0.233,0.746963669203013,0.230350901427657
381,0.250067667677105,0.222328244274809,0.194166666666667,0.233,0.233,0.745989351360375,0.229890838899895
382,0.24998407124936,0.222328244274809,0.194166666666667,0.233,0.233,0.745188168058475,0.229432932542025
383,0.24990097638257,0.222328244274809,0.194166666666667,0.233,0.233,0.74450629824784,0.228977089585433
384,0.24981788151578,0.222328244274809,0.194166666666667,0.233,0.233,0.743942084800181,0.228523217261501
385,0.249735264043664,0.222328244274809,0.194166666666667,0.233,0.233,0.743504190433371,0.228071222801616
386,0.249652646571549,0.222328244274809,0.194166666666667,0.233,0.233,0.743053049065789,0.227621013437159
387,0.249570955195157,0.222328244274809,0.194166666666667,0.233,0.233,0.742596954306668,0.227172496399517
388,0.249489263818766,0.222328244274809,0.194166666666667,0.233,0.233,0.74203812262793,0.226718869590603
389,0.249408164799374,0.222328244274809,0.194166666666667,0.233,0.233,0.741405552637089,0.226255297126677
390,0.249327065779983,0.222328244274809,0.194166666666667,0.233,0.233,0.740777977494213,0.225784635560641
391,0.249245361291652,0.222328244274809,0.194166666666667,0.233,0.233,0.740154577123594,0.2253097414454
392,0.249163656803322,0.222328244274809,0.194166666666667,0.233,0.233,0.739535917308533,0.224833471333854
393,0.249078654696791,0.222328244274809,0.194166666666667,0.233,0.233,0.738923361391254,0.224358681778907
394,0.24899365259026,0.222328244274809,0.194166666666667,0.233,0.233,0.738318510358362,0.223888229333461
395,0.248907390573415,0.222328244274809,0.194166666666667,0.233,0.233,0.737795039476204,0.22342497055042
396,0.24882112855657,0.222328244274809,0.194166666666667,0.233,0.233,0.73732838769395,0.222971761982685
397,0.248739503589192,0.222328244274809,0.194166666666667,0.233,0.233,0.736676831498841,0.22253146018316
398,0.248657878621814,0.222328244274809,0.194166666666667,0.233,0.233,0.735991833819894,0.222106921704747
399,0.248580827592784,0.222328244274809,0.194166666666667,0.233,0.233,0.735279075735893,0.221701003100349
400,0.248503776563754,0.222328244274809,0.194166666666667,0.233,0.233,0.734544326380484,0.221297567326876
401,0.248420985589848,0.222328244274809,0.194166666666667,0.233,0.233,0.733797797420775,0.220881688188046
402,0.248338194615941,0.222328244274809,0.194166666666667,0.233,0.233,0.733039900361978,0.220458038506972
403,0.248280482073088,0.222328244274809,0.194166666666667,0.233,0.233,0.732264716818724,0.220031291106768
404,0.248222769530235,0.222328244274809,0.194166666666667,0.233,0.233,0.73147691102921,0.219606118810546
405,0.248168309736332,0.222328244274809,0.194166666666667,0.233,0.233,0.730685792846317,0.219187194441421
406,0.24811384994243,0.222328244274809,0.194166666666667,0.233,0.233,0.729899662104221,0.218779190822505
407,0.248062515800726,0.222328244274809,0.194166666666667,0.233,0.233,0.729126904869203,0.218386780776913
408,0.248011181659022,0.222328244274809,0.194166666666667,0.233,0.233,0.728378812694443,0.218014637127756
409,0.247962599738765,0.222328244274809,0.194166666666667,0.233,0.233,0.7276733999289,0.21766743269815
410,0.247914017818507,0.222328244274809,0.194166666666667,0.233,0.233,0.72701646329738,0.217349840311207
411,0.247868932168605,0.222328244274809,0.194166666666667,0.233,0.233,0.726398806929101,0.21706653279004
412,0.247823846518704,0.222328244274809,0.194166666666667,0.233,0.233,0.72581283225704,0.216814196727856
413,0.247782139415113,0.222328244274809,0.194166666666667,0.233,0.233,0.725247755056488,0.216584969839934
414,0.247740432311522,0.222328244274809,0.194166666666667,0.233,0.233,0.72468778937554,0.216376701632494
415,0.247700437664057,0.222328244274809,0.194166666666667,0.233,0.233,0.724142760705052,0.216187241611758
416,0.247660443016592,0.222328244274809,0.194166666666667,0.233,0.233,0.723613953054776,0.216014439283944
417,0.247620547211787,0.222328244274809,0.194166666666667,0.233,0.233,0.723100003150613,0.215856144155274
418,0.247580651406983,0.222328244274809,0.194166666666667,0.233,0.233,0.722604804168086,0.2157022603096
419,0.247543081210897,0.222328244274809,0.194166666666667,0.233,0.233,0.722134833259458,0.215577271270869
420,0.247505511014812,0.222328244274809,0.194166666666667,0.233,0.233,0.721681613807865,0.215484632290707
421,0.247478804697087,0.222328244274809,0.194166666666667,0.233,0.233,0.721241367274886,0.21543147926645
422,0.247452098379361,0.222328244274809,0.194166666666667,0.233,0.233,0.720821421371618,0.215410286559033
423,0.247433797848989,0.222328244274809,0.194166666666667,0.233,0.233,0.720428878639613,0.215413528529392
424,0.247415497318616,0.222328244274809,0.194166666666667,0.233,0.233,0.720071394847218,0.21543367953846
425,0.247393202513722,0.222328244274809,0.194166666666667,0.233,0.233,0.719743210242502,0.215463213947174
426,0.247370907708828,0.222328244274809,0.194166666666667,0.233,0.233,0.719414394236095,0.215494606116468
427,0.247354323015675,0.222328244274809,0.194166666666667,0.233,0.233,0.719102084345899,0.215520330407277
428,0.247337738322521,0.222328244274809,0.194166666666667,0.233,0.233,0.718818288748175,0.215532861180536
429,0.247320925206418,0.222328244274809,0.194166666666667,0.233,0.233,0.718564091221057,0.215535855721154
430,0.247304112090315,0.222328244274809,0.194166666666667,0.233,0.233,0.718336541875447,0.215547454175621
431,0.247275051665591,0.222328244274809,0.194166666666667,0.233,0.233,0.71813189258793,0.215571644701529
432,0.247245991240868,0.222328244274809,0.194166666666667,0.233,0.233,0.717933280994401,0.215569758051968
433,0.247214621013638,0.222328244274809,0.194166666666667,0.233,0.233,0.71772275470469,0.215536703528314
434,0.247183250786408,0.222328244274809,0.194166666666667,0.233,0.233,0.717486015793718,0.215486716559185
435,0.247146640901048,0.222328244274809,0.194166666666667,0.233,0.233,0.717209128322124,0.215379350005801
436,0.247110031015688,0.222328244274809,0.194166666666667,0.233,0.233,0.716882458042882,0.215276402649474
437,0.247054989402294,0.222328244274809,0.194166666666667,0.233,0.233,0.71649921933379,0.215248371777482
438,0.2469999477889,0.222328244274809,0.194166666666667,0.233,0.233,0.71605852062052,0.215244288004286
439,0.246941051592358,0.222328244274809,0.194166666666667,0.233,0.233,0.715569088235042,0.215272977471771
440,0.246882155395816,0.222328244274809,0.194166666666667,0.233,0.233,0.715031322830258,0.215343266321823
441,0.246832741891258,0.222328244274809,0.194166666666667,0.233,0.233,0.714432494367139,0.215552082539486
442,0.2467833283867,0.222328244274809,0.194166666666667,0.233,0.233,0.713769743267034,0.215758651081055
443,0.246731938838052,0.222328244274809,0.194166666666667,0.233,0.233,0.713046913024644,0.215937013568684
444,0.246680549289403,0.222328244274809,0.194166666666667,0.233,0.233,0.712273439988518,0.216055995704993
445,0.246628713646413,0.222328244274809,0.194166666666667,0.233,0.233,0.711464067406281,0.216000920755253
446,0.246576878003424,0.222328244274809,0.194166666666667,0.233,0.233,0.710648923162591,0.215849592406733
447,0.246536277628056,0.222328244274809,0.194166666666667,0.233,0.233,0.709818585927058,0.215528938248796
448,0.246495677252688,0.222328244274809,0.194166666666667,0.233,0.233,0.708989964202349,0.215117576020426
449,0.2464535347461,0.222328244274809,0.194166666666667,0.233,0.233,0.708182899138597,0.214611494203785
450,0.246411392239512,0.222328244274809,0.194166666666667,0.233,0.233,0.707410651650623,0.214046296824651
451,0.246352389295109,0.222328244274809,0.194166666666667,0.233,0.233,0.7066850016019,0.213460300538838
452,0.246293386350706,0.222328244274809,0.194166666666667,0.233,0.233,0.706019825132345,0.21284916405643
453,0.246228943365137,0.222328244274809,0.194166666666667,0.233,0.233,0.705414762570353,0.212264898735768
454,0.246164500379568,0.222328244274809,0.194166666666667,0.233,0.233,0.704867238390154,0.211670715077652
455,0.246099567216243,0.222328244274809,0.194166666666667,0.233,0.233,0.704379331721447,0.211067440682345
456,0.246034634052918,0.222328244274809,0.194166666666667,0.233,0.233,0.703917837247752,0.210450239578255
457,0.24595707554583,0.222328244274809,0.194166666666667,0.233,0.233,0.703496236490248,0.209833555095009
458,0.245879517038742,0.222328244274809,0.194166666666667,0.233,0.233,0.703109573091918,0.209231830562234
459,0.245801297155918,0.222328244274809,0.194166666666667,0.233,0.233,0.702738336584402,0.208605849793375
460,0.245723077273095,0.222328244274809,0.194166666666667,0.233,0.233,0.702378448137736,0.208001846494873
461,0.245653273386766,0.222328244274809,0.194166666666667,0.233,0.233,0.702028852291306,0.207433054998487
462,0.245583469500438,0.222328244274809,0.194166666666667,0.233,0.233,0.701686363927128,0.206909719751892
463,0.245511136095795,0.222328244274809,0.194166666666667,0.233,0.233,0.701347718434881,0.206479800869551
464,0.245438802691152,0.222328244274809,0.194166666666667,0.233,0.233,0.701003409299553,0.206109046843771
465,0.245375004002096,0.222328244274809,0.194166666666667,0.233,0.233,0.70065818850046,0.205819268539409
466,0.24531120531304,0.222328244274809,0.194166666666667,0.233,0.233,0.70031479387974,0.20560453410694
467,0.245257036666195,0.222328244274809,0.194166666666667,0.233,0.233,0.699976193038388,0.20543804538455
468,0.245202868019351,0.222328244274809,0.194166666666667,0.233,0.233,0.699647094107985,0.205293004210428
469,0.245151554423738,0.222328244274809,0.194166666666667,0.233,0.233,0.699336394365866,0.205212826530134
470,0.245100240828126,0.222328244274809,0.194166666666667,0.233,0.233,0.699047071402107,0.205148123093929
471,0.245059414043324,0.222328244274809,0.194166666666667,0.233,0.233,0.698767237359199,0.205085360789361
472,0.245018587258523,0.222328244274809,0.194166666666667,0.233,0.233,0.69849452037387,0.205008603990742
473,0.244986718154907,0.222328244274809,0.194166666666667,0.233,0.233,0.698222975260201,0.204876428960614
474,0.244954849051291,0.222328244274809,0.194166666666667,0.233,0.233,0.697950297890928,0.204711273552067
475,0.244917455052547,0.222328244274809,0.194166666666667,0.233,0.233,0.697680066534663,0.204461390968733
476,0.244880061053804,0.222328244274809,0.194166666666667,0.233,0.233,0.697419552993012,0.204149358205636
477,0.244848602922559,0.222328244274809,0.194166666666667,0.233,0.233,0.697138665382424,0.203812843611061
478,0.244817144791315,0.222328244274809,0.194166666666667,0.233,0.233,0.696840725421727,0.203489515533291
479,0.244784541736597,0.222328244274809,0.194166666666667,0.233,0.233,0.696524347697817,0.203132722181877
480,0.24475193868188,0.222328244274809,0.194166666666667,0.233,0.233,0.696183620604951,0.202793848896647
481,0.24470755849032,0.222328244274809,0.194166666666667,0.233,0.233,0.69581322799457,0.202527035546775
482,0.24466317829876,0.222328244274809,0.194166666666667,0.233,0.233,0.695409229679801,0.202297569789651
483,0.244618857855004,0.222328244274809,0.194166666666667,0.233,0.233,0.694968725646465,0.202150685643519
484,0.244574537411248,0.222328244274809,0.194166666666667,0.233,0.233,0.694502369039338,0.202036440314748
485,0.244521685455612,0.222328244274809,0.194166666666667,0.233,0.233,0.694024441023007,0.201977583484529
486,0.244468833499976,0.222328244274809,0.194166666666667,0.233,0.233,0.693522285820831,0.201928928150577
487,0.244397617542363,0.222328244274809,0.194166666666667,0.233,0.233,0.692991298078536,0.2018628308642
488,0.244326401584749,0.222328244274809,0.194166666666667,0.233,0.233,0.692427417196882,0.201777489057431
489,0.244251306607954,0.222328244274809,0.194166666666667,0.233,0.233,0.691825650075642,0.201620912425414
490,0.244176211631158,0.222328244274809,0.194166666666667,0.233,0.233,0.691188881513604,0.201428605837406
491,0.244096808677759,0.222328244274809,0.194166666666667,0.233,0.233,0.690518207941491,0.201182067447814
492,0.244017405724359,0.222328244274809,0.194166666666667,0.233,0.233,0.689806874845959,0.20089952298635
493,0.243927475612622,0.222328244274809,0.194166666666667,0.233,0.233,0.689064186873247,0.200591989146842
494,0.243837545500886,0.222328244274809,0.194166666666667,0.233,0.233,0.688295376476562,0.200251452174358
495,0.243756287844006,0.222328244274809,0.194166666666667,0.233,0.233,0.68751653269145,0.199881237323981
496,0.243675030187126,0.222328244274809,0.194166666666667,0.233,0.233,0.686735967656584,0.199484669850797
497,0.243602627378014,0.222328244274809,0.194166666666667,0.233,0.233,0.6859581679478,0.199083598383716
498,0.243530224568902,0.222328244274809,0.194166666666667,0.233,0.233,0.685181215453091,0.198644999682445
499,0.243459406582035,0.222328244274809,0.194166666666667,0.233,0.233,0.684403557686829,0.198161894593071
500,0.243388588595169,0.222328244274809,0.194166666666667,0.233,0.233,0.683623265127415,0.197628465722873
501,0.243325052660135,0.222328244274809,0.194166666666667,0.233,0.233,0.682835741335631,0.196969186962057
502,0.243261516725101,0.222328244274809,0.194166666666667,0.233,0.233,0.682037082880727,0.196271957519868
503,0.243201939931208,0.222328244274809,0.194166666666667,0.233,0.233,0.68121995786818,0.195580497192703
504,0.243142363137315,0.222328244274809,0.194166666666667,0.233,0.233,0.680386047617282,0.194852267899551
505,0.24308123625969,0.222328244274809,0.194166666666667,0.233,0.233,0.679536718156032,0.194125780895913
506,0.243020109382066,0.222328244274809,0.194166666666667,0.233,0.233,0.678673226701269,0.193439547437292
507,0.242963535890081,0.222328244274809,0.194166666666667,0.233,0.233,0.677795508090911,0.192826313189768
508,0.242906962398097,0.222328244274809,0.194166666666667,0.233,0.233,0.676905453720752,0.192222696954527
509,0.242850588993263,0.222328244274809,0.194166666666667,0.233,0.233,0.676006379472506,0.191627074363866
510,0.242794215588429,0.222328244274809,0.194166666666667,0.233,0.233,0.675088732084657,0.191027408616626
511,0.242734658252122,0.222328244274809,0.194166666666667,0.233,0.233,0.674165986273841,0.190354659677011
512,0.242675100915814,0.222328244274809,0.194166666666667,0.233,0.233,0.673255773904772,0.189666414178182
513,0.242618097854027,0.222328244274809,0.194166666666667,0.233,0.233,0.672375405953807,0.188979883996473
514,0.24256109479224,0.222328244274809,0.194166666666667,0.233,0.233,0.67152716612484,0.18827952169272
515,0.242499134965231,0.222328244274809,0.194166666666667,0.233,0.233,0.670708023789344,0.187584830605076
516,0.242437175138223,0.222328244274809,0.194166666666667,0.233,0.233,0.669913453098624,0.186915314071697
517,0.242365130121455,0.222328244274809,0.194166666666667,0.233,0.233,0.66913760310771,0.186250706297508
518,0.242293085104688,0.222328244274809,0.194166666666667,0.233,0.233,0.668373427188839,0.185605434453317
519,0.242218889775075,0.222328244274809,0.194166666666667,0.233,0.233,0.667609252345793,0.184987717705052
520,0.242144694445463,0.222328244274809,0.194166666666667,0.233,0.233,0.666834250261322,0.184400334311514
521,0.242067588665414,0.222328244274809,0.194166666666667,0.233,0.233,0.666039181550209,0.183897229117545
522,0.241990482885366,0.222328244274809,0.194166666666667,0.233,0.233,0.665215365214323,0.183418401741966
523,0.241908085278723,0.222328244274809,0.194166666666667,0.233,0.233,0.664366637415274,0.182968124497001
524,0.24182568767208,0.222328244274809,0.194166666666667,0.233,0.233,0.663489093682645,0.182520680363701
525,0.241747650293429,0.222328244274809,0.194166666666667,0.233,0.233,0.662581756710321,0.182014056587688
526,0.241669612914778,0.222328244274809,0.194166666666667,0.233,0.233,0.661647189017174,0.181505387190341
527,0.241599221612168,0.222328244274809,0.194166666666667,0.233,0.233,0.660683657529399,0.180968395231706
528,0.241528830309557,0.222328244274809,0.194166666666667,0.233,0.233,0.659688748078838,0.180437633403185
529,0.241458608837636,0.222328244274809,0.194166666666667,0.233,0.233,0.658664093457939,0.179933686748888
530,0.241388387365715,0.222328244274809,0.194166666666667,0.233,0.233,0.657611274820877,0.179446306655193
531,0.24131976233408,0.222328244274809,0.194166666666667,0.233,0.233,0.656535909864947,0.179028363930113
532,0.241251137302446,0.222328244274809,0.194166666666667,0.233,0.233,0.655445997886406,0.178658278539881
533,0.241185134942445,0.222328244274809,0.194166666666667,0.233,0.233,0.654347586852853,0.178295567936387
534,0.241119132582444,0.222328244274809,0.194166666666667,0.233,0.233,0.653249994465761,0.177899749571516
535,0.241048661241188,0.222328244274809,0.194166666666667,0.233,0.233,0.652155824382717,0.177459986749814
536,0.240978189899931,0.222328244274809,0.194166666666667,0.233,0.233,0.651065979203836,0.177004343640937
537,0.240904688057631,0.222328244274809,0.194166666666667,0.233,0.233,0.649979907032662,0.17652706822725
538,0.24083118621533,0.222328244274809,0.194166666666667,0.233,0.233,0.648892131256624,0.176038165359858
539,0.240756128522532,0.222328244274809,0.194166666666667,0.233,0.233,0.647802549162758,0.17554383519152
540,0.240681070829735,0.222328244274809,0.194166666666667,0.233,0.233,0.646703814796986,0.175044136306204
541,0.240599921541499,0.222328244274809,0.194166666666667,0.233,0.233,0.645613311668835,0.174545362349437
542,0.240518772253263,0.222328244274809,0.194166666666667,0.233,0.233,0.644541751976891,0.174046843970486
543,0.240434428499435,0.222328244274809,0.194166666666667,0.233,0.233,0.643496761174992,0.173545168507823
544,0.240350084745608,0.222328244274809,0.194166666666667,0.233,0.233,0.642471986134528,0.173049579043035
545,0.240266658440988,0.222328244274809,0.194166666666667,0.233,0.233,0.641464602163422,0.17254987871974
546,0.240183232136368,0.222328244274809,0.194166666666667,0.233,0.233,0.640461123956541,0.172067825525536
547,0.240100988111668,0.222328244274809,0.194166666666667,0.233,0.233,0.639465908859395,0.171611879618093
548,0.240018744086967,0.222328244274809,0.194166666666667,0.233,0.233,0.638479181674889,0.171188736392523
549,0.239935001215646,0.222328244274809,0.194166666666667,0.233,0.233,0.637496841577664,0.170841119764807
550,0.239851258344325,0.222328244274809,0.194166666666667,0.233,0.233,0.636520730246874,0.170543778263651
551,0.239767063891802,0.222328244274809,0.194166666666667,0.233,0.233,0.635544636859121,0.170280864750031
552,0.239682869439279,0.222328244274809,0.194166666666667,0.233,0.233,0.634560424446426,0.170036532084929
553,0.239597711847773,0.222328244274809,0.194166666666667,0.233,0.233,0.633556782096424,0.169848181733811
554,0.239512554256267,0.222328244274809,0.194166666666667,0.233,0.233,0.632530540840312,0.169670631813583
555,0.239423788269891,0.222328244274809,0.194166666666667,0.233,0.233,0.631479319907478,0.16947283200022
556,0.239335022283516,0.222328244274809,0.194166666666667,0.233,0.233,0.63040133285425,0.169267327140867
557,0.239241991686673,0.222328244274809,0.194166666666667,0.233,0.233,0.629295910321496,0.169009461393193
558,0.239148961089831,0.222328244274809,0.194166666666667,0.233,0.233,0.628164675729146,0.168742296774142
559,0.239054905144929,0.222328244274809,0.194166666666667,0.233,0.233,0.62702736790579,0.168450356310479
560,0.238960849200026,0.222328244274809,0.194166666666667,0.233,0.233,0.625866951858347,0.168165143161234
561,0.238863124343791,0.222328244274809,0.194166666666667,0.233,0.233,0.624676973899349,0.167882275541724
562,0.238765399487555,0.222328244274809,0.194166666666667,0.233,0.233,0.623453819960091,0.167632973201454
563,0.238664131225366,0.222328244274809,0.194166666666667,0.233,0.233,0.622197620674228,0.167497186860031
564,0.238562862963176,0.222328244274809,0.194166666666667,0.233,0.233,0.62091409802004,0.167403806933528
565,0.238465402859126,0.222328244274809,0.194166666666667,0.233,0.233,0.61961124208942,0.167466398913289
566,0.238367942755076,0.222328244274809,0.194166666666667,0.233,0.233,0.618298450018398,0.167521843975881
567,0.238269922067944,0.222328244274809,0.194166666666667,0.233,0.233,0.616987046375762,0.167404447387344
568,0.238171901380811,0.222328244274809,0.194166666666667,0.233,0.233,0.615683150172624,0.167243205598808
569,0.23807451376683,0.222328244274809,0.194166666666667,0.233,0.233,0.614404648275106,0.16701965834395
570,0.23797712615285,0.222328244274809,0.194166666666667,0.233,0.233,0.613165050509577,0.166715345356448
571,0.237884414056544,0.222328244274809,0.194166666666667,0.233,0.233,0.611975016771619,0.166240651062053
572,0.237791701960239,0.222328244274809,0.194166666666667,0.233,0.233,0.610840437007198,0.165722095005128
573,0.237698955409413,0.222328244274809,0.194166666666667,0.233,0.233,0.609765440383449,0.16519599666713
574,0.237606208858587,0.222328244274809,0.194166666666667,0.233,0.233,0.608749888049966,0.16467752583762
575,0.23751599438844,0.222328244274809,0.194166666666667,0.233,0.233,0.607785363521132,0.164266604031551
576,0.237425779918294,0.222328244274809,0.194166666666667,0.233,0.233,0.606859171851158,0.163904461563591
577,0.237343252405792,0.222328244274809,0.194166666666667,0.233,0.233,0.605982034119422,0.16361761330929
578,0.237260724893291,0.222328244274809,0.194166666666667,0.233,0.233,0.605157887047707,0.163386064172773
579,0.237180198001135,0.222328244274809,0.194166666666667,0.233,0.233,0.604389233456778,0.163176030270226
580,0.237099671108979,0.222328244274809,0.194166666666667,0.233,0.233,0.603671685549194,0.162953727717834
581,0.237020329180013,0.222328244274809,0.194166666666667,0.233,0.233,0.602987740765115,0.162748536336345
582,0.236940987251047,0.222328244274809,0.194166666666667,0.233,0.233,0.602320368808715,0.162551572175715
583,0.236866242894103,0.222328244274809,0.194166666666667,0.233,0.233,0.601654095087937,0.162298348660159
584,0.236791498537159,0.222328244274809,0.194166666666667,0.233,0.233,0.600978201348556,0.162047100613193
585,0.236713998865018,0.222328244274809,0.194166666666667,0.233,0.233,0.600278620876882,0.161819900063436
586,0.236636499192878,0.222328244274809,0.194166666666667,0.233,0.233,0.599546560219424,0.161594503640371
587,0.23655211114277,0.222328244274809,0.194166666666667,0.233,0.233,0.598779209086926,0.161377284508122
588,0.236467723092663,0.222328244274809,0.194166666666667,0.233,0.233,0.59798097826104,0.161156415489815
589,0.23638291578804,0.222328244274809,0.194166666666667,0.233,0.233,0.597164440804147,0.160931025534216
590,0.236298108483418,0.222328244274809,0.194166666666667,0.233,0.233,0.596307211231018,0.160700243590095
591,0.236213336186989,0.222328244274809,0.194166666666667,0.233,0.233,0.595406620834218,0.160463198606218
592,0.236128563890559,0.222328244274809,0.194166666666667,0.233,0.233,0.594464894583015,0.160219019531353
593,0.236041793439112,0.222328244274809,0.194166666666667,0.233,0.233,0.593485962428859,0.15998807915214
594,0.235955022987665,0.222328244274809,0.194166666666667,0.233,0.233,0.592475535382788,0.159782400087528
595,0.23587107363444,0.222328244274809,0.194166666666667,0.233,0.233,0.591440614085143,0.15958858603475
596,0.235787124281216,0.222328244274809,0.194166666666667,0.233,0.233,0.590389845705042,0.159393240691041
597,0.235706015683717,0.222328244274809,0.194166666666667,0.233,0.233,0.589334429364417,0.159198392308445
598,0.235624907086218,0.222328244274809,0.194166666666667,0.233,0.233,0.588277729934159,0.158997051179122
599,0.235545383114828,0.222328244274809,0.194166666666667,0.233,0.233,0.587227274868717,0.158762294060483
600,0.235465859143437,0.222328244274809,0.194166666666667,0.233,0.233,0.586188695632218,0.158467197709937
601,0.235387953004348,0.222328244274809,0.194166666666667,0.233,0.233,0.585165556061369,0.158087864108554
602,0.235310046865258,0.222328244274809,0.194166666666667,0.233,0.233,0.584158964157802,0.157652784841009
603,0.235233188064932,0.222328244274809,0.194166666666667,0.233,0.233,0.583166990784355,0.157213621070126
604,0.235156329264607,0.222328244274809,0.194166666666667,0.233,0.233,0.582184874594812,0.156822033958728
605,0.235082517826011,0.222328244274809,0.194166666666667,0.233,0.233,0.581210773207387,0.156491972727549
606,0.235008706387414,0.222328244274809,0.194166666666667,0.233,0.233,0.580231672011319,0.156197817815182
607,0.234937489485136,0.222328244274809,0.194166666666667,0.233,0.233,0.579235646013494,0.155931877211239
608,0.234866272582857,0.222328244274809,0.194166666666667,0.233,0.233,0.578217900914181,0.15568645890533
609,0.234796989461884,0.222328244274809,0.194166666666667,0.233,0.233,0.577178214954906,0.155453870887068
610,0.234727706340911,0.222328244274809,0.194166666666667,0.233,0.233,0.576118233643086,0.155226421146062
611,0.234662825479192,0.222328244274809,0.194166666666667,0.233,0.233,0.575042824244223,0.155003111775885
612,0.234597944617473,0.222328244274809,0.194166666666667,0.233,0.233,0.573959554212705,0.154782324382304
613,0.234536375979473,0.222328244274809,0.194166666666667,0.233,0.233,0.572878186965863,0.154555436223226
614,0.234474807341472,0.222328244274809,0.194166666666667,0.233,0.233,0.57180630364368,0.154313824556559
615,0.234412901285531,0.222328244274809,0.194166666666667,0.233,0.233,0.570751931212356,0.154066940247001
616,0.23435099522959,0.222328244274809,0.194166666666667,0.233,0.233,0.56972387702791,0.153826990765497
617,0.234292032561652,0.222328244274809,0.194166666666667,0.233,0.233,0.568728928942531,0.153589488279318
618,0.234233069893713,0.222328244274809,0.194166666666667,0.233,0.233,0.567771694448926,0.153349944955736
619,0.234174996495334,0.222328244274809,0.194166666666667,0.233,0.233,0.566855230000292,0.153103872962024
620,0.234116923096955,0.222328244274809,0.194166666666667,0.233,0.233,0.565980359008194,0.152846784465454
621,0.234057174849284,0.222328244274809,0.194166666666667,0.233,0.233,0.565145499414544,0.152549451431448
622,0.233997426601612,0.222328244274809,0.194166666666667,0.233,0.233,0.564352969742883,0.15221097839855
623,0.233939266638049,0.222328244274809,0.194166666666667,0.233,0.233,0.563596764242553,0.151869376393719
624,0.233881106674487,0.222328244274809,0.194166666666667,0.233,0.233,0.562866699037658,0.151562656443911
625,0.233821623845178,0.222328244274809,0.194166666666667,0.233,0.233,0.562154920050031,0.151300839832907
626,0.233762141015869,0.222328244274809,0.194166666666667,0.233,0.233,0.561454134079962,0.151065383483502
627,0.233700056640358,0.222328244274809,0.194166666666667,0.233,0.233,0.560759128715261,0.15085145188117
628,0.233637972264847,0.222328244274809,0.194166666666667,0.233,0.233,0.56006398417493,0.150654209511389
629,0.233575556023393,0.222328244274809,0.194166666666667,0.233,0.233,0.559364108922379,0.150468820859633
630,0.233513139781939,0.222328244274809,0.194166666666667,0.233,0.233,0.558656182470714,0.150290450411378
631,0.233452387544996,0.222328244274809,0.194166666666667,0.233,0.233,0.557935883143927,0.150092541125373
632,0.233391635308053,0.222328244274809,0.194166666666667,0.233,0.233,0.557199461999232,0.149875942958658
633,0.233331226289965,0.222328244274809,0.194166666666667,0.233,0.233,0.556463181072452,0.149676930894142
634,0.233270817271878,0.222328244274809,0.194166666666667,0.233,0.233,0.555739550456296,0.149531779914737
635,0.233208187879703,0.222328244274809,0.194166666666667,0.233,0.233,0.555041306700576,0.149458032518491
636,0.233145558487529,0.222328244274809,0.194166666666667,0.233,0.233,0.554363023027658,0.149434256364417
637,0.233086431317776,0.222328244274809,0.194166666666667,0.233,0.233,0.55369595544764,0.149438264176872
638,0.233027304148023,0.222328244274809,0.194166666666667,0.233,0.233,0.553033384750881,0.149447868680215
639,0.232966101672858,0.222328244274809,0.194166666666667,0.233,0.233,0.552377962457617,0.149484614489848
640,0.232904899197693,0.222328244274809,0.194166666666667,0.233,0.233,0.551728325413018,0.149558945806432
641,0.23283774915939,0.222328244274809,0.194166666666667,0.233,0.233,0.55108699948768,0.149632024732215
642,0.232770599121088,0.222328244274809,0.194166666666667,0.233,0.233,0.550450938499267,0.149665013369447
643,0.232703013300986,0.222328244274809,0.194166666666667,0.233,0.233,0.549797234159435,0.149644565335186
644,0.232635427480884,0.222328244274809,0.194166666666667,0.233,0.233,0.549102513957328,0.14958801108766
645,0.232561968158122,0.222328244274809,0.194166666666667,0.233,0.233,0.548363265140916,0.14950252799088
646,0.23248850883536,0.222328244274809,0.194166666666667,0.233,0.233,0.547578261821755,0.149395293408854
647,0.232403286592987,0.222328244274809,0.194166666666667,0.233,0.233,0.546748613246079,0.149273484705593
648,0.232318064350614,0.222328244274809,0.194166666666667,0.233,0.233,0.545896551839301,0.149144279245107
649,0.232230111475421,0.222328244274809,0.194166666666667,0.233,0.233,0.54501117275304,0.149011989920745
650,0.232142158600228,0.222328244274809,0.194166666666667,0.233,0.233,0.544088023821448,0.14887933911192
651,0.232043203524826,0.222328244274809,0.194166666666667,0.233,0.233,0.543129483710542,0.148751118411734
652,0.231944248449424,0.222328244274809,0.194166666666667,0.233,0.233,0.542148390770986,0.14863211941329
653,0.231833021916396,0.222328244274809,0.194166666666667,0.233,0.233,0.541152358966389,0.148511045840818
654,0.231721795383368,0.222328244274809,0.194166666666667,0.233,0.233,0.540151630770419,0.148383998189405
655,0.231625745692421,0.222328244274809,0.194166666666667,0.233,0.233,0.539163063039914,0.148266863208438
656,0.231529696001475,0.222328244274809,0.194166666666667,0.233,0.233,0.538200096252672,0.148175527647304
657,0.231426336060122,0.222328244274809,0.194166666666667,0.233,0.233,0.53729738581103,0.148125878255389
658,0.231322976118769,0.222328244274809,0.194166666666667,0.233,0.233,0.536456065871308,0.148133801782081
659,0.231228020149063,0.222328244274809,0.194166666666667,0.233,0.233,0.535678658118449,0.148226759856313
660,0.231133064179358,0.222328244274809,0.194166666666667,0.233,0.233,0.534966841476279,0.148392612319052
661,0.231066109219461,0.222328244274809,0.194166666666667,0.233,0.233,0.534327200131106,0.148587843237732
662,0.230999154259564,0.222328244274809,0.194166666666667,0.233,0.233,0.533774802247542,0.14876893667979
663,0.230936326824054,0.222328244274809,0.194166666666667,0.233,0.233,0.533258410429915,0.148926042818523
664,0.230873499388544,0.222328244274809,0.194166666666667,0.233,0.233,0.532800479434285,0.149089662498544
665,0.23083434396357,0.222328244274809,0.194166666666667,0.233,0.233,0.532415892233316,0.149276805794259
666,0.230795188538597,0.222328244274809,0.194166666666667,0.233,0.233,0.5321162858893,0.149504482780074
667,0.230789946915815,0.222328244274809,0.194166666666667,0.233,0.233,0.531907685290029,0.149789703530397
668,0.230784705293033,0.222328244274809,0.194166666666667,0.233,0.233,0.53174518913476,0.150149478119632
669,0.230794147872312,0.222328244274809,0.194166666666667,0.233,0.233,0.531646633889675,0.150624379897796
670,0.230803590451591,0.222328244274809,0.194166666666667,0.233,0.233,0.531619963813682,0.151189567357019
671,0.230839044066661,0.222328244274809,0.194166666666667,0.233,0.233,0.531659327181417,0.151763928284885
672,0.230874497681731,0.222328244274809,0.194166666666667,0.233,0.233,0.531762808989877,0.152266350468977
673,0.23093843165689,0.222328244274809,0.194166666666667,0.233,0.233,0.531910923961509,0.15268701648591
674,0.231002365632049,0.222328244274809,0.194166666666667,0.233,0.233,0.532081088382408,0.153072439528745
675,0.231056831101617,0.222328244274809,0.194166666666667,0.233,0.233,0.532279847842233,0.153426003309734
676,0.231111296571186,0.222328244274809,0.194166666666667,0.233,0.233,0.532520376720093,0.153751091541133
677,0.231183312167426,0.222328244274809,0.194166666666667,0.233,0.233,0.532783392511221,0.154055474774476
678,0.231255327763667,0.222328244274809,0.194166666666667,0.233,0.233,0.533023404151616,0.154332952466946
679,0.231328206642862,0.222328244274809,0.194166666666667,0.233,0.233,0.533217219174495,0.154565951689264
680,0.231401085522058,0.222328244274809,0.194166666666667,0.233,0.233,0.533360423544771,0.15473689951215
681,0.231452502262733,0.222328244274809,0.194166666666667,0.233,0.233,0.533426518433352,0.154851670003454
682,0.231503919003409,0.222328244274809,0.194166666666667,0.233,0.233,0.533396108405359,0.154922146862067
683,0.231562122549104,0.222328244274809,0.194166666666667,0.233,0.233,0.533268251080877,0.154939771605267
684,0.231620326094799,0.222328244274809,0.194166666666667,0.233,0.233,0.533045063645745,0.154895985750333
685,0.231657670913387,0.222328244274809,0.194166666666667,0.233,0.233,0.532730316541656,0.154782230814544
686,0.231695015731974,0.222328244274809,0.194166666666667,0.233,0.233,0.53231419640165,0.15458994831518
687,0.231703919667799,0.222328244274809,0.194166666666667,0.233,0.233,0.531805760616036,0.154306714802943
688,0.231712823603623,0.222328244274809,0.194166666666667,0.233,0.233,0.531187540378405,0.153938674627256
689,0.231711810223711,0.222328244274809,0.194166666666667,0.233,0.233,0.530468355929173,0.153505121003479
690,0.231710796843799,0.222328244274809,0.194166666666667,0.233,0.233,0.529655442782589,0.153025347146974
691,0.231693733482115,0.222328244274809,0.194166666666667,0.233,0.233,0.528761975007388,0.152459855030534
692,0.23167667012043,0.222328244274809,0.194166666666667,0.233,0.233,0.527789729973757,0.151808985027056
693,0.231642498082321,0.222328244274809,0.194166666666667,0.233,0.233,0.52669664434761,0.151151787952055
694,0.231608326044212,0.222328244274809,0.194166666666667,0.233,0.233,0.525537374351698,0.150567314621047
695,0.231576169338654,0.222328244274809,0.194166666666667,0.233,0.233,0.524333291568122,0.150068254517534
696,0.231544012633096,0.222328244274809,0.194166666666667,0.233,0.233,0.52310888716684,0.149600757820899
697,0.231507165425184,0.222328244274809,0.194166666666667,0.233,0.233,0.521876879258994,0.149144066390471
698,0.231470318217271,0.222328244274809,0.194166666666667,0.233,0.233,0.520615747685896,0.14867742208558
699,0.231430048622003,0.222328244274809,0.194166666666667,0.233,0.233,0.519358718461382,0.148215360880814
700,0.231389779026736,0.222328244274809,0.194166666666667,0.233,0.233,0.518110070650498,0.147784898927646
701,0.231355068748015,0.222328244274809,0.194166666666667,0.233,0.233,0.516865527983616,0.147383998350736
702,0.231320358469294,0.222328244274809,0.194166666666667,0.233,0.233,0.51564343314766,0.147010621274742
703,0.231282056953369,0.222328244274809,0.194166666666667,0.233,0.233,0.514456500220192,0.146662729824325
704,0.231243755437444,0.222328244274809,0.194166666666667,0.233,0.233,0.513314214418975,0.146338286124144
705,0.231205749231667,0.222328244274809,0.194166666666667,0.233,0.233,0.512243167601557,0.146044566337535
706,0.23116774302589,0.222328244274809,0.194166666666667,0.233,0.233,0.511258060531949,0.145767316699934
707,0.231129308093778,0.222328244274809,0.194166666666667,0.233,0.233,0.510328041804754,0.145470319910005
708,0.231090873161666,0.222328244274809,0.194166666666667,0.233,0.233,0.509416099447715,0.14512360059563
709,0.231051226649356,0.222328244274809,0.194166666666667,0.233,0.233,0.508540643344859,0.144734291195709
710,0.231011580137047,0.222328244274809,0.194166666666667,0.233,0.233,0.507693721245628,0.144423040762583
711,0.230971937431227,0.222328244274809,0.194166666666667,0.233,0.233,0.506848370637972,0.144137164300149
712,0.230932294725407,0.222328244274809,0.194166666666667,0.233,0.233,0.505996778836661,0.143842044005474
713,0.230891561076163,0.222328244274809,0.194166666666667,0.233,0.233,0.505150643718606,0.14355192403999
714,0.23085082742692,0.222328244274809,0.194166666666667,0.233,0.233,0.504357246974125,0.143268606139518
715,0.230809335950639,0.222328244274809,0.194166666666667,0.233,0.233,0.503546829386352,0.14299248014022
716,0.230767844474359,0.222328244274809,0.194166666666667,0.233,0.233,0.502706940635471,0.142723891015279
717,0.230726302242157,0.222328244274809,0.194166666666667,0.233,0.233,0.501855459856106,0.142463183737881
718,0.230684760009956,0.222328244274809,0.194166666666667,0.233,0.233,0.501010605602118,0.142210703281209
719,0.230642777053115,0.222328244274809,0.194166666666667,0.233,0.233,0.500174707699353,0.141966794618448
720,0.230600794096275,0.222328244274809,0.194166666666667,0.233,0.233,0.499342149605873,0.141731802722782
721,0.230559416909139,0.222328244274809,0.194166666666667,0.233,0.233,0.498510637118036,0.141511620446776
722,0.230518039722003,0.222328244274809,0.194166666666667,0.233,0.233,0.497679296013813,0.141310140226474
723,0.230476695319097,0.222328244274809,0.194166666666667,0.233,0.233,0.496847878004801,0.141124706410277
724,0.23043535091619,0.222328244274809,0.194166666666667,0.233,0.233,0.496016846761712,0.140952663346589
725,0.230394359509929,0.222328244274809,0.194166666666667,0.233,0.233,0.495196741602693,0.140791355383809
726,0.230353368103668,0.222328244274809,0.194166666666667,0.233,0.233,0.494379317532677,0.140638126870341
727,0.230312895496771,0.222328244274809,0.194166666666667,0.233,0.233,0.493569556478041,0.140490322154586
728,0.230272422889875,0.222328244274809,0.194166666666667,0.233,0.233,0.492770334722739,0.140345285584947
729,0.230232277579708,0.222328244274809,0.194166666666667,0.233,0.233,0.49250469238032,0.140200361509824
730,0.23019213226954,0.222328244274809,0.194166666666667,0.233,0.233,0.492005566438536,0.14005289427762
731,0.230152098510482,0.222328244274809,0.194166666666667,0.233,0.233,0.491576975985636,0.139900228236737
732,0.230112064751423,0.222328244274809,0.194166666666667,0.233,0.233,0.491145953001184,0.139739707735576
733,0.230072091735603,0.222328244274809,0.194166666666667,0.233,0.233,0.490738890641849,0.139580076007941
734,0.230032118719782,0.222328244274809,0.194166666666667,0.233,0.233,0.490381884576742,0.139430732764634
735,0.229992283515128,0.222328244274809,0.194166666666667,0.233,0.233,0.490001520554081,0.139290007069555
736,0.229952448310473,0.222328244274809,0.194166666666667,0.233,0.233,0.489585458293948,0.139156227986604
737,0.229912726985065,0.222328244274809,0.194166666666667,0.233,0.233,0.489169003715451,0.139027724579681
738,0.229873005659656,0.222328244274809,0.194166666666667,0.233,0.233,0.488750211865341,0.138902825912687
739,0.229833395173198,0.222328244274809,0.194166666666667,0.233,0.233,0.488326145929636,0.138779861049521
740,0.229793784686739,0.222328244274809,0.194166666666667,0.233,0.233,0.487899184856798,0.138657159054084
741,0.229754295909616,0.222328244274809,0.194166666666667,0.233,0.233,0.487475357337237,0.138533048990276
742,0.229714807132494,0.222328244274809,0.194166666666667,0.233,0.233,0.48705558661348,0.138405859921996
743,0.229675436998814,0.222328244274809,0.194166666666667,0.233,0.233,0.486636756014949,0.138273920913145
744,0.229636066865133,0.222328244274809,0.194166666666667,0.233,0.233,0.486218834362403,0.138135561027624
745,0.229596815841064,0.222328244274809,0.194166666666667,0.233,0.233,0.485801832087515,0.137993955646574
746,0.229557564816995,0.222328244274809,0.194166666666667,0.233,0.233,0.485385759924746,0.137853316983816
747,0.229518433419618,0.222328244274809,0.194166666666667,0.233,0.233,0.484970587149037,0.137713529352264
748,0.229479302022242,0.222328244274809,0.194166666666667,0.233,0.233,0.484556324041007,0.137574477064834
749,0.229440287262032,0.222328244274809,0.194166666666667,0.233,0.233,0.484142981178458,0.137436044434441
750,0.229401272501822,0.222328244274809,0.194166666666667,0.233,0.233,0.483730528282115,0.137298115774
751,0.22936237483358,0.222328244274809,0.194166666666667,0.233,0.233,0.483318975484314,0.137160575396425
752,0.229323477165338,0.222328244274809,0.194166666666667,0.233,0.233,0.482908333209109,0.137023307614632
753,0.229284697093116,0.222328244274809,0.194166666666667,0.233,0.233,0.48249857161479,0.136886196741536
754,0.229245917020895,0.222328244274809,0.194166666666667,0.233,0.233,0.482089700688132,0.136749127090052
755,0.229207251629046,0.222328244274809,0.194166666666667,0.233,0.233,0.481681730702272,0.136611982973095
756,0.229168586237197,0.222328244274809,0.194166666666667,0.233,0.233,0.48127463224504,0.13647464870358
757,0.229130035969515,0.222328244274809,0.194166666666667,0.233,0.233,0.480868415160305,0.136337361184711
758,0.229091485701834,0.222328244274809,0.194166666666667,0.233,0.233,0.48046308957306,0.13620042888911
759,0.229053051049774,0.222328244274809,0.194166666666667,0.233,0.233,0.480058626492825,0.136063843483821
760,0.229014616397714,0.222328244274809,0.194166666666667,0.233,0.233,0.479655035623158,0.135927596635889
761,0.228976294517116,0.222328244274809,0.194166666666667,0.233,0.233,0.479252326943624,0.135791680012357
762,0.228937972636517,0.222328244274809,0.194166666666667,0.233,0.233,0.478850471877753,0.13565608528027
763,0.228899763960517,0.222328244274809,0.194166666666667,0.233,0.233,0.478449479991332,0.135520804106671
764,0.228861555284518,0.222328244274809,0.194166666666667,0.233,0.233,0.47804936112115,0.135385828158605
765,0.228823460292384,0.222328244274809,0.194166666666667,0.233,0.233,0.477650087097241,0.135251149103116
766,0.228785365300251,0.222328244274809,0.194166666666667,0.233,0.233,0.477251667350104,0.135116758607248
767,0.228747381217015,0.222328244274809,0.194166666666667,0.233,0.233,0.476854111576345,0.134982648338044
768,0.22870939713378,0.222328244274809,0.194166666666667,0.233,0.233,0.476457392005159,0.134848809962549
769,0.228671524382258,0.222328244274809,0.194166666666667,0.233,0.233,0.476061517934188,0.134715277169866
770,0.228633651630737,0.222328244274809,0.194166666666667,0.233,0.233,0.475666498922392,0.134582083966509
771,0.228595890678405,0.222328244274809,0.194166666666667,0.233,0.233,0.475272307590943,0.13444922249564
772,0.228558129726073,0.222328244274809,0.194166666666667,0.233,0.233,0.474878953107003,0.134316684900422
773,0.228520477864951,0.222328244274809,0.194166666666667,0.233,0.233,0.474486444894367,0.134184463324017
774,0.228482826003829,0.222328244274809,0.194166666666667,0.233,0.233,0.474094755959159,0.134052549909586
775,0.228445283646732,0.222328244274809,0.194166666666667,0.233,0.233,0.473703895340386,0.133920936800293
776,0.228407741289636,0.222328244274809,0.194166666666667,0.233,0.233,0.473313872329106,0.133789616139299
777,0.228370308892629,0.222328244274809,0.194166666666667,0.233,0.233,0.472924660309521,0.133658580069766
778,0.228332876495622,0.222328244274809,0.194166666666667,0.233,0.233,0.472536268194757,0.133527820734858
779,0.228295551415595,0.222328244274809,0.194166666666667,0.233,0.233,0.47214870514551,0.133397330277734
780,0.228258226335568,0.222328244274809,0.194166666666667,0.233,0.233,0.471761944917335,0.133267100841559
781,0.228221008975646,0.222328244274809,0.194166666666667,0.233,0.233,0.471375996299705,0.133137164206843
782,0.228183791615725,0.222328244274809,0.194166666666667,0.233,0.233,0.470990868325275,0.13300755244889
783,0.228146682420927,0.222328244274809,0.194166666666667,0.233,0.233,0.470606535114374,0.132878258153053
784,0.228109573226129,0.222328244274809,0.194166666666667,0.233,0.233,0.470223005334998,0.132749273904685
785,0.228072569616178,0.222328244274809,0.194166666666667,0.233,0.233,0.469840287894037,0.13262059228914
786,0.228035566006226,0.222328244274809,0.194166666666667,0.233,0.233,0.469458357270152,0.132492205891769
787,0.227998668374857,0.222328244274809,0.194166666666667,0.233,0.233,0.469077222011999,0.132364107297927
788,0.227961770743488,0.222328244274809,0.194166666666667,0.233,0.233,0.468696890902922,0.132236289092966
789,0.227924979525021,0.222328244274809,0.194166666666667,0.233,0.233,0.468317338773617,0.132108743862238
790,0.227888188306554,0.222328244274809,0.194166666666667,0.233,0.233,0.467938574055483,0.131981464191098
791,0.227851500981591,0.222328244274809,0.194166666666667,0.233,0.233,0.467560605410496,0.131854442664898
792,0.227814813656629,0.222328244274809,0.194166666666667,0.233,0.233,0.467183408015219,0.131727671868991
793,0.2277782306098,0.222328244274809,0.194166666666667,0.233,0.233,0.466806990185837,0.131601181810171
794,0.227741647562971,0.222328244274809,0.194166666666667,0.233,0.233,0.46643136046509,0.131475002769331
795,0.227705169218236,0.222328244274809,0.194166666666667,0.233,0.233,0.466056494369369,0.131349127742969
796,0.227668690873501,0.222328244274809,0.194166666666667,0.233,0.233,0.465682400101647,0.131223549727584
797,0.227632314770459,0.222328244274809,0.194166666666667,0.233,0.233,0.465309086087509,0.131098261719676
798,0.227595938667417,0.222328244274809,0.194166666666667,0.233,0.233,0.46493652817727,0.130973256715744
799,0.227559665181868,0.222328244274809,0.194166666666667,0.233,0.233,0.464564734462644,0.130848527712288
800,0.227523391696319,0.222328244274809,0.194166666666667,0.233,0.233,0.464193713254106,0.130724067705805
801,0.227487221242186,0.222328244274809,0.194166666666667,0.233,0.233,0.463823440730106,0.130599869692796
802,0.227451050788053,0.222328244274809,0.194166666666667,0.233,0.233,0.46345392487302,0.13047592666976
803,0.227414980962123,0.222328244274809,0.194166666666667,0.233,0.233,0.463085173880207,0.130352231633195
804,0.227378911136193,0.222328244274809,0.194166666666667,0.233,0.233,0.462717164252591,0.130228777579601
805,0.2273429423057,0.222328244274809,0.194166666666667,0.233,0.233,0.462349903865085,0.130105594287789
806,0.227306973475207,0.222328244274809,0.194166666666667,0.233,0.233,0.461983400803888,0.129982711055372
807,0.227271106044351,0.222328244274809,0.194166666666667,0.233,0.233,0.461617631886854,0.129860120157059
808,0.227235238613496,0.222328244274809,0.194166666666667,0.233,0.233,0.461252604883272,0.129737813867556
809,0.227199470234508,0.222328244274809,0.194166666666667,0.233,0.233,0.460888327770093,0.129615784461572
810,0.22716370185552,0.222328244274809,0.194166666666667,0.233,0.233,0.460524777676675,0.129494024213813
811,0.227128032887327,0.222328244274809,0.194166666666667,0.233,0.233,0.460161962268477,0.129372525398986
812,0.227092363919134,0.222328244274809,0.194166666666667,0.233,0.233,0.459799889415083,0.129251280291799
813,0.227056794756509,0.222328244274809,0.194166666666667,0.233,0.233,0.459438536552032,0.12913028116696
814,0.227021225593884,0.222328244274809,0.194166666666667,0.233,0.233,0.459077914596892,0.129009520299174
815,0.226985753942828,0.222328244274809,0.194166666666667,0.233,0.233,0.458718018000101,0.128888989963151
816,0.226950282291772,0.222328244274809,0.194166666666667,0.233,0.233,0.458358840956181,0.12876871772609
817,0.22691490850315,0.222328244274809,0.194166666666667,0.233,0.233,0.458000394459311,0.128648732110077
818,0.226879534714527,0.222328244274809,0.194166666666667,0.233,0.233,0.45764265644382,0.128529026822141
819,0.226844259173973,0.222328244274809,0.194166666666667,0.233,0.233,0.457285634306817,0.128409595569312
820,0.226808983633419,0.222328244274809,0.194166666666667,0.233,0.233,0.456929335640434,0.12829043205862
821,0.226773804099091,0.222328244274809,0.194166666666667,0.233,0.233,0.45657373867154,0.128171529997096
822,0.226738624564763,0.222328244274809,0.194166666666667,0.233,0.233,0.456218850699703,0.12805288309177
823,0.2267035413797,0.222328244274809,0.194166666666667,0.233,0.233,0.455864679216234,0.127934485049671
824,0.226668458194637,0.222328244274809,0.194166666666667,0.233,0.233,0.45551120273561,0.127816329577831
825,0.226633471735614,0.222328244274809,0.194166666666667,0.233,0.233,0.455158428461497,0.127698410383279
826,0.22659848527659,0.222328244274809,0.194166666666667,0.233,0.233,0.45480636378608,0.127580721173046
827,0.226563593352366,0.222328244274809,0.194166666666667,0.233,0.233,0.454454987506625,0.127463255654162
828,0.226528701428142,0.222328244274809,0.194166666666667,0.233,0.233,0.454104306732489,0.127346039328928
829,0.22649390437416,0.222328244274809,0.194166666666667,0.233,0.233,0.453754328758404,0.127229097922682
830,0.226459107320178,0.222328244274809,0.194166666666667,0.233,0.233,0.45340503265969,0.127112425477005
831,0.226424405504619,0.222328244274809,0.194166666666667,0.233,0.233,0.453056425452971,0.126996016033476
832,0.226389703689059,0.222328244274809,0.194166666666667,0.233,0.233,0.452708514337151,0.126879863633679
833,0.226355094969787,0.222328244274809,0.194166666666667,0.233,0.233,0.452361278660979,0.126763962319193
834,0.226320486250516,0.222328244274809,0.194166666666667,0.233,0.233,0.452014725349875,0.126648306131601
835,0.226285970955599,0.222328244274809,0.194166666666667,0.233,0.233,0.451668861508521,0.126532889112482
836,0.226251455660682,0.222328244274809,0.194166666666667,0.233,0.233,0.45132366675455,0.126417705303419
837,0.226217034149962,0.222328244274809,0.194166666666667,0.233,0.233,0.450979147923691,0.126302748745992
838,0.226182612639243,0.222328244274809,0.194166666666667,0.233,0.233,0.450635312027963,0.126188013481782
839,0.22614828281825,0.222328244274809,0.194166666666667,0.233,0.233,0.450292138949443,0.126073493552371
840,0.226113952997258,0.222328244274809,0.194166666666667,0.233,0.233,0.449949635435637,0.125959213114999
841,0.226079715186896,0.222328244274809,0.194166666666667,0.233,0.233,0.449607808407444,0.125845196535137
842,0.226045477376534,0.222328244274809,0.194166666666667,0.233,0.233,0.449266638007019,0.125731438166715
843,0.226011331928555,0.222328244274809,0.194166666666667,0.233,0.233,0.448926130895099,0.125617932363659
844,0.225977186480575,0.222328244274809,0.194166666666667,0.233,0.233,0.448586293902961,0.125504673479898
845,0.225943131346783,0.222328244274809,0.194166666666667,0.233,0.233,0.448247107428571,0.125391655869361
846,0.22590907621299,0.222328244274809,0.194166666666667,0.233,0.233,0.44790857804731,0.125278873885974
847,0.225875111707328,0.222328244274809,0.194166666666667,0.233,0.233,0.447570712502311,0.125166321883667
848,0.225841147201667,0.222328244274809,0.194166666666667,0.233,0.233,0.447233491443164,0.125053994216367
849,0.225807273668037,0.222328244274809,0.194166666666667,0.233,0.233,0.446896921361285,0.124941885238003
850,0.225773400134408,0.222328244274809,0.194166666666667,0.233,0.233,0.446561008913105,0.124829989302502
851,0.225739615569548,0.222328244274809,0.194166666666667,0.233,0.233,0.446225734995735,0.124718300763792
852,0.225705831004689,0.222328244274809,0.194166666666667,0.233,0.233,0.445891106017989,0.124606842522632
853,0.225672135715783,0.222328244274809,0.194166666666667,0.233,0.233,0.445557128551012,0.124495637674382
854,0.225638440426877,0.222328244274809,0.194166666666667,0.233,0.233,0.445223783735415,0.124384680864872
855,0.225604834750204,0.222328244274809,0.194166666666667,0.233,0.233,0.444891077898743,0.124273966739931
856,0.225571229073531,0.222328244274809,0.194166666666667,0.233,0.233,0.444559017528245,0.124163489945389
857,0.22553771104947,0.222328244274809,0.194166666666667,0.233,0.233,0.444227584004088,0.124053245127077
858,0.225504193025409,0.222328244274809,0.194166666666667,0.233,0.233,0.443896783573857,0.123943226930824
859,0.225470762954574,0.222328244274809,0.194166666666667,0.233,0.233,0.443566622642267,0.123833430002461
860,0.225437332883739,0.222328244274809,0.194166666666667,0.233,0.233,0.443237082825173,0.123723848987817
861,0.225403991095009,0.222328244274809,0.194166666666667,0.233,0.233,0.442908170291487,0.123614478532723
862,0.225370649306279,0.222328244274809,0.194166666666667,0.233,0.233,0.44257989136472,0.123505313283008
863,0.22533739388243,0.222328244274809,0.194166666666667,0.233,0.233,0.442252227892629,0.123396347884502
864,0.22530413845858,0.222328244274809,0.194166666666667,0.233,0.233,0.441925185966708,0.123287604063098
865,0.225270969693838,0.222328244274809,0.194166666666667,0.233,0.233,0.441598771830576,0.123179103726725
866,0.225237800929097,0.222328244274809,0.194166666666667,0.233,0.233,0.441272967560171,0.123070841794266
867,0.225204719145155,0.222328244274809,0.194166666666667,0.233,0.233,0.440947779170807,0.122962813184607
868,0.225171637361213,0.222328244274809,0.194166666666667,0.233,0.233,0.44062321282749,0.122855012816631
869,0.22513864068204,0.222328244274809,0.194166666666667,0.233,0.233,0.440299250830699,0.122747435609223
870,0.225105644002867,0.222328244274809,0.194166666666667,0.233,0.233,0.439975899120775,0.122640076481268
871,0.225072732716482,0.222328244274809,0.194166666666667,0.233,0.233,0.43965316378537,0.12253293035165
872,0.225039821430098,0.222328244274809,0.194166666666667,0.233,0.233,0.43933102734593,0.122425992139253
873,0.225006995851212,0.222328244274809,0.194166666666667,0.233,0.233,0.43900949566901,0.122319256762962
874,0.224974170272326,0.222328244274809,0.194166666666667,0.233,0.233,0.438688574766143,0.122212719141662
875,0.224941428564942,0.222328244274809,0.194166666666667,0.233,0.233,0.438368247376233,0.122106374194236
876,0.224908686857557,0.222328244274809,0.194166666666667,0.233,0.233,0.438048519293218,0.122000242546998
877,0.224876029303658,0.222328244274809,0.194166666666667,0.233,0.233,0.437729396453717,0.121894344996699
878,0.224843371749759,0.222328244274809,0.194166666666667,0.233,0.233,0.437410861810659,0.121788676717885
879,0.224810798657272,0.222328244274809,0.194166666666667,0.233,0.233,0.437092921086502,0.1216832328851
880,0.224778225564785,0.222328244274809,0.194166666666667,0.233,0.233,0.436775580144142,0.121578008672889
881,0.224745735136626,0.222328244274809,0.194166666666667,0.233,0.233,0.436458822147158,0.121472999255795
882,0.224713244708467,0.222328244274809,0.194166666666667,0.233,0.233,0.436142652747652,0.121368199808364
883,0.22468083722075,0.222328244274809,0.194166666666667,0.233,0.233,0.435827077735956,0.12126360550514
884,0.224648429733034,0.222328244274809,0.194166666666667,0.233,0.233,0.435512080482995,0.121159211520667
885,0.224616105487094,0.222328244274809,0.194166666666667,0.233,0.233,0.435197666571611,0.121055013029489
886,0.224583781241155,0.222328244274809,0.194166666666667,0.233,0.233,0.434883841720715,0.120951005206152
887,0.224551538477741,0.222328244274809,0.194166666666667,0.233,0.233,0.434570589505333,0.1208471832252
888,0.224519295714328,0.222328244274809,0.194166666666667,0.233,0.233,0.434257915440128,0.120743566682891
889,0.224487134703845,0.222328244274809,0.194166666666667,0.233,0.233,0.433945825173706,0.120640175335208
890,0.224454973693361,0.222328244274809,0.194166666666667,0.233,0.233,0.433634302482013,0.120537004596286
891,0.224422894730736,0.222328244274809,0.194166666666667,0.233,0.233,0.433323352812587,0.120434049880256
892,0.224390815768111,0.222328244274809,0.194166666666667,0.233,0.233,0.433012981744832,0.120331306601254
893,0.224358817130882,0.222328244274809,0.194166666666667,0.233,0.233,0.432703173252488,0.120228770173412
894,0.224326818493652,0.222328244274809,0.194166666666667,0.233,0.233,0.43239393271701,0.120126436010863
895,0.224294900446667,0.222328244274809,0.194166666666667,0.233,0.233,0.432085265649674,0.120024299527742
896,0.224262982399681,0.222328244274809,0.194166666666667,0.233,0.233,0.431777156218951,0.11992235613818
897,0.22423114523164,0.222328244274809,0.194166666666667,0.233,0.233,0.43146960974123,0.119820601256313
898,0.224199308063599,0.222328244274809,0.194166666666667,0.233,0.233,0.431162631660717,0.119719030296273
899,0.224167550087821,0.222328244274809,0.194166666666667,0.233,0.233,0.430856206337609,0.119617638672193
900,0.224135792112042,0.222328244274809,0.194166666666667,0.233,0.233,0.430550339024228,0.119516445948353
901,0.224104113587967,0.222328244274809,0.194166666666667,0.233,0.233,0.430245035098748,0.119415471354636
902,0.224072435063892,0.222328244274809,0.194166666666667,0.233,0.233,0.429940279110138,0.11931470980358
903,0.224040836274166,0.222328244274809,0.194166666666667,0.233,0.233,0.429636076247637,0.119214156207723
904,0.22400923748444,0.222328244274809,0.194166666666667,0.233,0.233,0.429332431824402,0.119113805479603
905,0.223977716777187,0.222328244274809,0.194166666666667,0.233,0.233,0.429029330575284,0.119013652531757
906,0.223946196069933,0.222328244274809,0.194166666666667,0.233,0.233,0.428726777627397,0.118913692276725
907,0.223914753911844,0.222328244274809,0.194166666666667,0.233,0.233,0.428424778229883,0.118813919627043
908,0.223883311753755,0.222328244274809,0.194166666666667,0.233,0.233,0.42812331730063,0.118714329495251
909,0.223851947581962,0.222328244274809,0.194166666666667,0.233,0.233,0.427822402148241,0.118614916793885
910,0.223820583410169,0.222328244274809,0.194166666666667,0.233,0.233,0.427522029049951,0.118515676435485
911,0.22378929663757,0.222328244274809,0.194166666666667,0.233,0.233,0.427222194129642,0.118416626630466
912,0.223758009864971,0.222328244274809,0.194166666666667,0.233,0.233,0.426922904741826,0.118317786202712
913,0.223726800971311,0.222328244274809,0.194166666666667,0.233,0.233,0.426624146103281,0.118219150984963
914,0.223695592077652,0.222328244274809,0.194166666666667,0.233,0.233,0.426325923180037,0.11812071680996
915,0.223664459466988,0.222328244274809,0.194166666666667,0.233,0.233,0.426028241055264,0.118022479510441
916,0.223633326856324,0.222328244274809,0.194166666666667,0.233,0.233,0.425731085121459,0.117924434919147
917,0.223602270774375,0.222328244274809,0.194166666666667,0.233,0.233,0.425434460285908,0.117826578868818
918,0.223571214692426,0.222328244274809,0.194166666666667,0.233,0.233,0.425138371571271,0.117728907192193
919,0.223540235406489,0.222328244274809,0.194166666666667,0.233,0.233,0.424842804543106,0.117631415722013
920,0.223509256120551,0.222328244274809,0.194166666666667,0.233,0.233,0.424547764050841,0.117534100291017
921,0.223478352067044,0.222328244274809,0.194166666666667,0.233,0.233,0.424253255057539,0.117436956731946
922,0.223447448013537,0.222328244274809,0.194166666666667,0.233,0.233,0.423959263299215,0.117339980877539
923,0.223416619433282,0.222328244274809,0.194166666666667,0.233,0.233,0.423665793568305,0.117243189669715
924,0.223385790853026,0.222328244274809,0.194166666666667,0.233,0.233,0.423372850769175,0.117146600183214
925,0.223355038007847,0.222328244274809,0.194166666666667,0.233,0.233,0.423080420805738,0.117050208450009
926,0.223324285162668,0.222328244274809,0.194166666666667,0.233,0.233,0.422788508414288,0.116954010502073
927,0.223293606520486,0.222328244274809,0.194166666666667,0.233,0.233,0.422497118441378,0.116858002371378
928,0.223262927878304,0.222328244274809,0.194166666666667,0.233,0.233,0.422206236956307,0.116762180089897
929,0.223232323675172,0.222328244274809,0.194166666666667,0.233,0.233,0.421915868640065,0.116666539689602
930,0.223201719472039,0.222328244274809,0.194166666666667,0.233,0.233,0.421626018282254,0.116571077202466
931,0.223171189964455,0.222328244274809,0.194166666666667,0.233,0.233,0.421336672115095,0.116475788660461
932,0.22314066045687,0.222328244274809,0.194166666666667,0.233,0.233,0.421047834765094,0.11638067009556
933,0.223110204143426,0.222328244274809,0.194166666666667,0.233,0.233,0.420759510965754,0.116285717539736
934,0.223079747829982,0.222328244274809,0.194166666666667,0.233,0.233,0.420471687109796,0.11619092702496
935,0.223049364942084,0.222328244274809,0.194166666666667,0.233,0.233,0.420184367770047,0.116096314688951
936,0.223018982054185,0.222328244274809,0.194166666666667,0.233,0.233,0.419897557624746,0.116001896794306
937,0.222988672843147,0.222328244274809,0.194166666666667,0.233,0.233,0.419611243224738,0.115907669560325
938,0.22295836363211,0.222328244274809,0.194166666666667,0.233,0.233,0.41932542908996,0.115813629206304
939,0.222928126626391,0.222328244274809,0.194166666666667,0.233,0.233,0.419040119844211,0.115719771951542
940,0.222897889620673,0.222328244274809,0.194166666666667,0.233,0.233,0.418755302194119,0.115626094015334
941,0.222867725047152,0.222328244274809,0.194166666666667,0.233,0.233,0.418470980607515,0.115532591616979
942,0.222837560473631,0.222328244274809,0.194166666666667,0.233,0.233,0.418187159654556,0.115439260975775
943,0.222807468578577,0.222328244274809,0.194166666666667,0.233,0.233,0.417903826195366,0.115346098311017
944,0.222777376683523,0.222328244274809,0.194166666666667,0.233,0.233,0.417620984646429,0.115253099842005
945,0.222747356024481,0.222328244274809,0.194166666666667,0.233,0.233,0.417338639525055,0.115160261788036
946,0.222717335365439,0.222328244274809,0.194166666666667,0.233,0.233,0.417056777842609,0.115067580368406
947,0.222687386164877,0.222328244274809,0.194166666666667,0.233,0.233,0.416775403964978,0.11497507096436
948,0.222657436964314,0.222328244274809,0.194166666666667,0.233,0.233,0.4164945223574,0.114882749074653
949,0.222627559463588,0.222328244274809,0.194166666666667,0.233,0.233,0.416214120180272,0.114790611094849
950,0.222597681962862,0.222328244274809,0.194166666666667,0.233,0.233,0.41593420174962,0.114698653420515
951,0.222567874747849,0.222328244274809,0.194166666666667,0.233,0.233,0.415654771479373,0.114606872447216
952,0.222538067532837,0.222328244274809,0.194166666666667,0.233,0.233,0.415375816676785,0.114515264570515
953,0.222508330821707,0.222328244274809,0.194166666666667,0.233,0.233,0.415097341608744,0.11442382618598
954,0.222478594110578,0.222328244274809,0.194166666666667,0.233,0.233,0.414819350638622,0.114332553689174
955,0.222448928139904,0.222328244274809,0.194166666666667,0.233,0.233,0.414541831218394,0.114241443475664
956,0.22241926216923,0.222328244274809,0.194166666666667,0.233,0.233,0.414264787566522,0.114150491941013
957,0.222389665552491,0.222328244274809,0.194166666666667,0.233,0.233,0.413988223996556,0.114059695480788
958,0.222360068935752,0.222328244274809,0.194166666666667,0.233,0.233,0.413712128103094,0.113969050490553
959,0.222330541886929,0.222328244274809,0.194166666666667,0.233,0.233,0.413436504056874,0.113878571639423
960,0.222301014838106,0.222328244274809,0.194166666666667,0.233,0.233,0.413161356122343,0.11378827370717
961,0.222271557589111,0.222328244274809,0.194166666666667,0.233,0.233,0.412886672034663,0.113698153255352
962,0.222242100340116,0.222328244274809,0.194166666666667,0.233,0.233,0.412612455917534,0.113608206845523
963,0.222212711531324,0.222328244274809,0.194166666666667,0.233,0.233,0.41233871198701,0.113518431039241
964,0.222183322722532,0.222328244274809,0.194166666666667,0.233,0.233,0.412065428116797,0.11342882239806
965,0.222154002563841,0.222328244274809,0.194166666666667,0.233,0.233,0.411792608384225,0.113339377483536
966,0.22212468240515,0.222328244274809,0.194166666666667,0.233,0.233,0.411520256957659,0.113250092857226
967,0.222095431123932,0.222328244274809,0.194166666666667,0.233,0.233,0.411248361847354,0.113160965080686
968,0.222066179842714,0.222328244274809,0.194166666666667,0.233,0.233,0.410976927084937,0.113071990715471
969,0.222036996105555,0.222328244274809,0.194166666666667,0.233,0.233,0.410705956791767,0.112983166323137
970,0.222007812368396,0.222328244274809,0.194166666666667,0.233,0.233,0.410435439112695,0.11289448846524
971,0.221978696381214,0.222328244274809,0.194166666666667,0.233,0.233,0.410165378034297,0.112805971139999
972,0.221949580394031,0.222328244274809,0.194166666666667,0.233,0.233,0.409895777631598,0.112717628449921
973,0.221920532379773,0.222328244274809,0.194166666666667,0.233,0.233,0.409626626182126,0.11262945711299
974,0.221891484365515,0.222328244274809,0.194166666666667,0.233,0.233,0.409357927628045,0.112541453847194
975,0.221862503016318,0.222328244274809,0.194166666666667,0.233,0.233,0.409089685998707,0.112453615370518
976,0.22183352166712,0.222328244274809,0.194166666666667,0.233,0.233,0.408821889702433,0.112365938400947
977,0.221804607185017,0.222328244274809,0.194166666666667,0.233,0.233,0.4085545426376,0.112278419656469
978,0.221775692702914,0.222328244274809,0.194166666666667,0.233,0.233,0.408287648788542,0.112191055855069
979,0.221746845306543,0.222328244274809,0.194166666666667,0.233,0.233,0.408021196692513,0.112103843714733
980,0.221717997910173,0.222328244274809,0.194166666666667,0.233,0.233,0.407755190204726,0.112016779953447
981,0.221689216316577,0.222328244274809,0.194166666666667,0.233,0.233,0.407489633265132,0.111929861289197
982,0.221660434722982,0.222328244274809,0.194166666666667,0.233,0.233,0.407224514538099,0.111843084439969
983,0.221631719130409,0.222328244274809,0.194166666666667,0.233,0.233,0.40695983783628,0.111756462771468
984,0.221603003537836,0.222328244274809,0.194166666666667,0.233,0.233,0.406695607055875,0.111670009747753
985,0.221574354160723,0.222328244274809,0.194166666666667,0.233,0.233,0.406431810986573,0.111583722234335
986,0.22154570478361,0.222328244274809,0.194166666666667,0.233,0.233,0.406168453399064,0.11149759709673
987,0.221517120363283,0.222328244274809,0.194166666666667,0.233,0.233,0.405905538146414,0.111411631200451
988,0.221488535942957,0.222328244274809,0.194166666666667,0.233,0.233,0.405643054141871,0.111325821411013
989,0.221460016673971,0.222328244274809,0.194166666666667,0.233,0.233,0.405381005114752,0.111240164593928
990,0.221431497404985,0.222328244274809,0.194166666666667,0.233,0.233,0.405119394875593,0.111154657614711
991,0.221403043497683,0.222328244274809,0.194166666666667,0.233,0.233,0.404858212459473,0.111069297338876
992,0.221374589590381,0.222328244274809,0.194166666666667,0.233,0.233,0.404597461554909,0.110984080631937
993,0.221346199809769,0.222328244274809,0.194166666666667,0.233,0.233,0.404337145930508,0.110899004359407
994,0.221317810029158,0.222328244274809,0.194166666666667,0.233,0.233,0.404077254741475,0.1108140653868
995,0.221289484566189,0.222328244274809,0.194166666666667,0.233,0.233,0.403817791636098,0.11072927712272
996,0.22126115910322,0.222328244274809,0.194166666666667,0.233,0.233,0.403558760341638,0.11064465273648
997,0.221232898164243,0.222328244274809,0.194166666666667,0.233,0.233,0.403300150131754,0.110560188734662
998,0.221204637225266,0.222328244274809,0.194166666666667,0.233,0.233,0.403041964615063,0.110475881623848
999,0.221176439598386,0.222328244274809,0.194166666666667,0.233,0.233,0.402784207478056,0.110391727910618
1000,0.221148241971506,0.222328244274809,0.194166666666667,0.233,0.233,0.402526868111205,0.110307724101554
1001,0.221120107844159,0.222328244274809,0.194166666666667,0.233,0.233,0.402269950084,0.110223866703238
1002,0.221091973716812,0.222328244274809,0.194166666666667,0.233,0.233,0.402013457042731,0.110140152222251
1003,0.221063903291454,0.222328244274809,0.194166666666667,0.233,0.233,0.401757378493063,0.110056577165174
1004,0.221035832866096,0.222328244274809,0.194166666666667,0.233,0.233,0.401501719526789,0.109973138038588
1005,0.221007824953363,0.222328244274809,0.194166666666667,0.233,0.233,0.401246477545981,0.109889831349075
1006,0.220979817040629,0.222328244274809,0.194166666666667,0.233,0.233,0.400991649856008,0.109806669632629
1007,0.220951871824525,0.222328244274809,0.194166666666667,0.233,0.233,0.400737241577612,0.109723665837899
1008,0.220923926608421,0.222328244274809,0.194166666666667,0.233,0.233,0.400483242404929,0.10964081709045
1009,0.220896044287606,0.222328244274809,0.194166666666667,0.233,0.233,0.400229655805732,0.109558120515843
1010,0.220868161966791,0.222328244274809,0.194166666666667,0.233,0.233,0.399976485321801,0.109475573239643
1011,0.220840341373881,0.222328244274809,0.194166666666667,0.233,0.233,0.399723720758285,0.109393172387414
1012,0.22081252078097,0.222328244274809,0.194166666666667,0.233,0.233,0.399471365545767,0.109310915084718
1013,0.220784762096622,0.222328244274809,0.194166666666667,0.233,0.233,0.399219423187823,0.10922879845712
1014,0.220757003412274,0.222328244274809,0.194166666666667,0.233,0.233,0.398967883599094,0.109146819630182
1015,0.220729306831444,0.222328244274809,0.194166666666667,0.233,0.233,0.39871675017348,0.109064975729469
1016,0.220701610250614,0.222328244274809,0.194166666666667,0.233,0.233,0.398466026376876,0.108983263880543
1017,0.220673974627365,0.222328244274809,0.194166666666667,0.233,0.233,0.398215702231924,0.108901681208969
1018,0.220646339004116,0.222328244274809,0.194166666666667,0.233,0.233,0.397965781096335,0.108820239431182
1019,0.220618764515837,0.222328244274809,0.194166666666667,0.233,0.233,0.397716266398842,0.108738950346855
1020,0.220591190027559,0.222328244274809,0.194166666666667,0.233,0.233,0.397467148268614,0.108657811206402
1021,0.220563676865594,0.222328244274809,0.194166666666667,0.233,0.233,0.397218430027667,0.108576819260242
1022,0.220536163703629,0.222328244274809,0.194166666666667,0.233,0.233,0.396970115068076,0.108495971758788
1023,0.220508710742972,0.222328244274809,0.194166666666667,0.233,0.233,0.396722193624092,0.108415265952459
1024,0.220481257782314,0.222328244274809,0.194166666666667,0.233,0.233,0.396474668982519,0.108334699091669
1025,0.220453865197162,0.222328244274809,0.194166666666667,0.233,0.233,0.396227544499272,0.108254268426834
1026,0.22042647261201,0.222328244274809,0.194166666666667,0.233,0.233,0.395980810512261,0.108173971208372
1027,0.220399140590183,0.222328244274809,0.194166666666667,0.233,0.233,0.395734470273555,0.108093804686698
1028,0.220371808568355,0.222328244274809,0.194166666666667,0.233,0.233,0.395488527103395,0.108013766112228
1029,0.220344536005274,0.222328244274809,0.194166666666667,0.233,0.233,0.395242971441955,0.107933852735379
1030,0.220317263442192,0.222328244274809,0.194166666666667,0.233,0.233,0.394997806507032,0.107854075766983
1031,0.220290050508941,0.222328244274809,0.194166666666667,0.233,0.233,0.394753035583679,0.107774446496584
1032,0.22026283757569,0.222328244274809,0.194166666666667,0.233,0.233,0.394508649212957,0.107694962292664
1033,0.220235684456647,0.222328244274809,0.194166666666667,0.233,0.233,0.394264650578849,0.107615620523704
1034,0.220208531337603,0.222328244274809,0.194166666666667,0.233,0.233,0.394021042931694,0.107536418558186
1035,0.220181436948133,0.222328244274809,0.194166666666667,0.233,0.233,0.393777816912087,0.107457353764591
1036,0.220154342558663,0.222328244274809,0.194166666666667,0.233,0.233,0.393534975670649,0.107378423511401
1037,0.220127307066807,0.222328244274809,0.194166666666667,0.233,0.233,0.393292522423472,0.107299625167097
1038,0.220100271574951,0.222328244274809,0.194166666666667,0.233,0.233,0.393050447909352,0.10722095610016
1039,0.22007329516173,0.222328244274809,0.194166666666667,0.233,0.233,0.392808755245994,0.107142413679073
1040,0.220046318748509,0.222328244274809,0.194166666666667,0.233,0.233,0.3925674476157,0.107063995272316
1041,0.220019400348757,0.222328244274809,0.194166666666667,0.233,0.233,0.392326515854157,0.106985698248372
1042,0.219992481949006,0.222328244274809,0.194166666666667,0.233,0.233,0.392085963046592,0.10690753333978
1043,0.219965621727794,0.222328244274809,0.194166666666667,0.233,0.233,0.391845792341969,0.10682951135356
1044,0.219938761506582,0.222328244274809,0.194166666666667,0.233,0.233,0.391605994671579,0.106751629769913
1045,0.219911959641654,0.222328244274809,0.194166666666667,0.233,0.233,0.391366573088599,0.10667388606904
1046,0.219885157776726,0.222328244274809,0.194166666666667,0.233,0.233,0.391127530709098,0.106596277731143
1047,0.219858413221927,0.222328244274809,0.194166666666667,0.233,0.233,0.390888858558702,0.106518802236422
1048,0.219831668667128,0.222328244274809,0.194166666666667,0.233,0.233,0.390650559658964,0.106441457065079
1049,0.219804981584626,0.222328244274809,0.194166666666667,0.233,0.233,0.390412637093496,0.106364239697315
1050,0.219778294502124,0.222328244274809,0.194166666666667,0.233,0.233,0.39017508198101,0.106287147613331
1051,0.219751665066463,0.222328244274809,0.194166666666667,0.233,0.233,0.38993789731185,0.106210178293327
1052,0.219725035630803,0.222328244274809,0.194166666666667,0.233,0.233,0.389701086137601,0.106133329217506
1053,0.219698462814395,0.222328244274809,0.194166666666667,0.233,0.233,0.389464639668835,0.106056597866068
1054,0.219671889997988,0.222328244274809,0.194166666666667,0.233,0.233,0.389228560865098,0.105979994627268
1055,0.219645373960167,0.222328244274809,0.194166666666667,0.233,0.233,0.388992852746367,0.105903529910181
1056,0.219618857922345,0.222328244274809,0.194166666666667,0.233,0.233,0.38875750661387,0.105827201226239
1057,0.21959239883453,0.222328244274809,0.194166666666667,0.233,0.233,0.388522525396755,0.105751006086875
1058,0.219565939746715,0.222328244274809,0.194166666666667,0.233,0.233,0.38828791208381,0.105674942003519
1059,0.219539536599452,0.222328244274809,0.194166666666667,0.233,0.233,0.388053658065729,0.105599006487604
1060,0.219513133452189,0.222328244274809,0.194166666666667,0.233,0.233,0.387819766241657,0.105523197050561
1061,0.219486786402039,0.222328244274809,0.194166666666667,0.233,0.233,0.387586239569607,0.105447511203822
1062,0.21946043935189,0.222328244274809,0.194166666666667,0.233,0.233,0.387353069528564,0.105371946458819
1063,0.219434148567225,0.222328244274809,0.194166666666667,0.233,0.233,0.387120258988068,0.105296500326984
1064,0.21940785778256,0.222328244274809,0.194166666666667,0.233,0.233,0.386887810875752,0.105221170319748
1065,0.219381622271639,0.222328244274809,0.194166666666667,0.233,0.233,0.386655716757745,0.105145953948543
1066,0.219355386760718,0.222328244274809,0.194166666666667,0.233,0.233,0.386423979474363,0.105070857452251
1067,0.219329206677394,0.222328244274809,0.194166666666667,0.233,0.233,0.386192601923259,0.104995888156831
1068,0.219303026594071,0.222328244274809,0.194166666666667,0.233,0.233,0.385961575756574,0.104921045204329
1069,0.219276902103738,0.222328244274809,0.194166666666667,0.233,0.233,0.385730903785777,0.104846327736793
1070,0.219250777613404,0.222328244274809,0.194166666666667,0.233,0.233,0.385500588878931,0.104771734896268
1071,0.219224707741625,0.222328244274809,0.194166666666667,0.233,0.233,0.385270622773072,0.104697265824803
1072,0.219198637869846,0.222328244274809,0.194166666666667,0.233,0.233,0.385041008251196,0.104622919664444
1073,0.21917262276783,0.222328244274809,0.194166666666667,0.233,0.233,0.38481174815216,0.104548695557237
1074,0.219146607665814,0.222328244274809,0.194166666666667,0.233,0.233,0.3845828342968,0.10447459264523
1075,0.219120647496044,0.222328244274809,0.194166666666667,0.233,0.233,0.384354269440001,0.104400610070469
1076,0.219094687326274,0.222328244274809,0.194166666666667,0.233,0.233,0.384126056391796,0.104326746975001
1077,0.219068781131222,0.222328244274809,0.194166666666667,0.233,0.233,0.383898187055736,0.104253002500873
1078,0.219042874936171,0.222328244274809,0.194166666666667,0.233,0.233,0.383670664158962,0.104179378827475
1079,0.219017022864461,0.222328244274809,0.194166666666667,0.233,0.233,0.383443490483051,0.104105878579307
1080,0.218991170792752,0.222328244274809,0.194166666666667,0.233,0.233,0.383216658013208,0.104032501566077
1081,0.218965373004024,0.222328244274809,0.194166666666667,0.233,0.233,0.382990169449182,0.103959247597496
1082,0.218939575215296,0.222328244274809,0.194166666666667,0.233,0.233,0.382764027544462,0.103886116483273
1083,0.218913830768547,0.222328244274809,0.194166666666667,0.233,0.233,0.38253822436486,0.103813108033118
1084,0.218888086321798,0.222328244274809,0.194166666666667,0.233,0.233,0.382312762583085,0.103740222056739
1085,0.218862395260242,0.222328244274809,0.194166666666667,0.233,0.233,0.382087644924895,0.103667458363847
1086,0.218836704198687,0.222328244274809,0.194166666666667,0.233,0.233,0.381862863535681,0.10359481676415
1087,0.218811066668569,0.222328244274809,0.194166666666667,0.233,0.233,0.381638421061453,0.10352229706736
1088,0.218785429138452,0.222328244274809,0.194166666666667,0.233,0.233,0.381414320200597,0.103449899083184
1089,0.218759844353315,0.222328244274809,0.194166666666667,0.233,0.233,0.381190553177065,0.103377622621333
1090,0.218734259568178,0.222328244274809,0.194166666666667,0.233,0.233,0.380967121498557,0.103305467533879
1091,0.218708727429777,0.222328244274809,0.194166666666667,0.233,0.233,0.380744027852515,0.103233433867035
1092,0.218683195291375,0.222328244274809,0.194166666666667,0.233,0.233,0.3805212662325,0.103161521721721
1093,0.218657716147686,0.222328244274809,0.194166666666667,0.233,0.233,0.380298836515047,0.103089731198857
1094,0.218632237003996,0.222328244274809,0.194166666666667,0.233,0.233,0.380076741690031,0.103018062399362
1095,0.218606810737897,0.222328244274809,0.194166666666667,0.233,0.233,0.379854980421024,0.102946515424156
1096,0.218581384471798,0.222328244274809,0.194166666666667,0.233,0.233,0.379633552665993,0.102875090374159
1097,0.218556011009557,0.222328244274809,0.194166666666667,0.233,0.233,0.379412459053186,0.102803787350291
1098,0.218530637547316,0.222328244274809,0.194166666666667,0.233,0.233,0.379191699251598,0.10273260645347
1099,0.218505316917878,0.222328244274809,0.194166666666667,0.233,0.233,0.378971272727364,0.102661547784618
1100,0.21847999628844,0.222328244274809,0.194166666666667,0.233,0.233,0.378751179346721,0.102590611444654
